{
  "m": -0.16590383441153078,
  "c": 1.583375665599259,
  "eps": 1e-06
}